video_id,trending_date,title,channel_title,category_id,publish_time,tags,views,likes,dislikes,comment_count,thumbnail_link,comments_disabled,ratings_disabled,video_error_or_removed,description
n1WpP7iowLc,17.14.11,Eminem - Walk On Water (Audio) ft. Beyonc√©,EminemVEVO,10,2017-11-10T17:00:03.000Z,"Eminem|""Walk""|""On""|""Water""|""Aftermath/Shady/Interscope""|""Rap""",17158579,787425,43420,125882,https://i.ytimg.com/vi/n1WpP7iowLc/default.jpg,FALSE,FALSE,FALSE,Eminem's new track Walk on Water ft. Beyonc√© is available everywhere: http://shady.sr/WOWEminem \nPlaylist Best of Eminem: https://goo.gl/AquNpo\nSubscribe for more: https://goo.gl/DxCrDV\n\nFor more visit: \nhttp://eminem.com\nhttp://facebook.com/eminem\nhttp://twitter.com/eminem\nhttp://instagram.com/eminem\nhttp://eminem.tumblr.com\nhttp://shadyrecords.com\nhttp://facebook.com/shadyrecords\nhttp://twitter.com/shadyrecords\nhttp://instagram.com/shadyrecords\nhttp://trustshady.tumblr.com\n\nMusic video by Eminem performing Walk On Water. (C) 2017 Aftermath Records\nhttp://vevo.ly/gA7xKt
0dBIkQ4Mz1M,17.14.11,PLUSH - Bad Unboxing Fan Mail,iDubbbzTV,23,2017-11-13T17:00:00.000Z,"plush|""bad unboxing""|""unboxing""|""fan mail""|""idubbbztv""|""idubbbztv2""|""things""|""best""|""packages""|""plushies""|""chontent chop""",1014651,127794,1688,13030,https://i.ytimg.com/vi/0dBIkQ4Mz1M/default.jpg,FALSE,FALSE,FALSE,"STill got a lot of packages. Probably will last for another year. On a side note, more 2nd channel vids soon. editing with premiere from now on, gon' be a tedious transition, but i think it's for the best. \n\n__\n\nSUBSCRIBE ‚ñ∫ http://www.youtube.com/subscription_center?add_user=iDubbbztv\n\nMain Channel ‚ñ∫ https://www.youtube.com/user/iDubbbzTV\nSecond Channel ‚ñ∫ https://www.youtube.com/channel/UC-tsNNJ3yIW98MtPH6PWFAQ\nGaming Channel ‚ñ∫ https://www.youtube.com/channel/UCVhfFXNY0z3-mbrTh1OYRXA\n\nWebsite ‚ñ∫ http://www.idubbbz.com/\n\nInstagram ‚ñ∫ https://instagram.com/idubbbz/\nTwitter ‚ñ∫ https://twitter.com/Idubbbz\nFacebook ‚ñ∫ http://www.facebook.com/IDubbbz\nTwitch ‚ñ∫ http://www.twitch.tv/idubbbz\n_"
2Vv-BfVoq4g,17.14.11,Ed Sheeran - Perfect (Official Music Video),Ed Sheeran,10,2017-11-09T11:04:14.000Z,"edsheeran|""ed sheeran""|""acoustic""|""live""|""cover""|""official""|""remix""|""official video""|""lyrics""|""session""",33523622,1634130,21082,85067,https://i.ytimg.com/vi/2Vv-BfVoq4g/default.jpg,FALSE,FALSE,FALSE,"üéß: https://ad.gt/yt-perfect\nüí∞: https://atlanti.cr/yt-album\nSubscribe to Ed's channel: http://bit.ly/SubscribeToEdSheeran\n\nFollow Ed on...\nFacebook: http://www.facebook.com/EdSheeranMusic\nTwitter: http://twitter.com/edsheeran\nInstagram: http://instagram.com/teddysphotos\nOfficial Website: http://edsheeran.com\n\nDirector: Jason Koenig\nProducer: Honna Kimmerer\nStarring: Ed Sheeran & Zoey Deutch \nDirector of Photography: Johnny Valencia\nProduction Company: Anonymous Content\nExec Producer: Nina Soriano\nProduction Manager: Doug Hoff\nCommissioner: Dan Curwin\nProduction Designer: John Lavin\nLead Casting: Amy Hubbard \n \nWritten by: Jason Koenig, Ed Sheeran, Andrew Kolvet, Jenny Koenig, Murray Cummings\n\nEdited by: Jason Koenig & Johnny Valencia\nVFX: Ian Hubert\n\nCast: Bo Valencia, Dennis Ranalta, Arthur Pauli\n \nSki Cinematography: Corey Koniniec\nSpecialty Camera op: Ryan Haug\n1st AC: Ryan Brown\n \n1st Assistant Director: Ole Zapatka\nArt Director: Klaus Hartl\nSnow fx: Lucien Stephenson\n\nGaffer: Thomas Berz\nStylist: Claudia Lajda\nHair & Makeup: Christel Thoresen\nAustrian Casting: Ursula Kiplinger\n \nAdditional VFX: Zoic\n\nSpecial Thanks to: The Hintertux Glacier, Austria;\nThe Tenne, and Hotel Neuhintertux"
2kyS6SvSYSE,17.14.11,WE WANT TO TALK ABOUT OUR MARRIAGE,CaseyNeistat,22,2017-11-13T17:13:01.000Z,SHANtell martin,748374,57534,2967,15959,https://i.ytimg.com/vi/2kyS6SvSYSE/default.jpg,FALSE,FALSE,FALSE,SHANTELL'S CHANNEL - https://www.youtube.com/shantellmartin\nCANDICE - https://www.lovebilly.com\n\nfilmed this video in 4k on this -- http://amzn.to/2sTDnRZ\nwith this lens -- http://amzn.to/2rUJOmD\nbig drone - http://tinyurl.com/h4ft3oy\nOTHER GEAR ---  http://amzn.to/2o3GLX5\nSony CAMERA http://amzn.to/2nOBmnv\nOLD CAMERA; http://amzn.to/2o2cQBT\nMAIN LENS; http://amzn.to/2od5gBJ\nBIG SONY CAMERA; http://amzn.to/2nrdJRO\nBIG Canon CAMERA; http://tinyurl.com/jn4q4vz\nBENDY TRIPOD THING; http://tinyurl.com/gw3ylz2\nYOU NEED THIS FOR THE BENDY TRIPOD; http://tinyurl.com/j8mzzua\nWIDE LENS; http://tinyurl.com/jkfcm8t\nMORE EXPENSIVE WIDE LENS; http://tinyurl.com/zrdgtou\nSMALL CAMERA; http://tinyurl.com/hrrzhor\nMICROPHONE; http://tinyurl.com/zefm4jy\nOTHER MICROPHONE; http://tinyurl.com/jxgpj86\nOLD DRONE (cheaper but still great);http://tinyurl.com/zcfmnmd\n\nfollow me; on http://instagram.com/caseyneistat\non https://www.facebook.com/cneistat\non https://twitter.com/CaseyNeistat\n\namazing intro song by https://soundcloud.com/discoteeth\n\nad disclosure.  THIS IS NOT AN AD.  not selling or promoting anything.  but samsung did produce the Shantell Video as a 'GALAXY PROJECT' which is an initiative that enables creators like Shantell and me to make projects we might otherwise not have the opportunity to make.  hope that's clear.  if not ask in the comments and i'll answer any specifics.
U3xLOo-CNwo,17.14.11,12 Weird Ways To Sneak Food Into Class / Back To School Pranks,Troom Troom,26,2017-11-12T15:00:05.000Z,"sneak food|""how to sneak food into class""|""class hacks""|""school food""|""food in class""|""sneak food into class""|""how to sneak food into school""|""take food to school""|""weird school supplies""|""school pranks""|""back to school""|""hide food""|""eating in class""|""ways to sneak food into class""|""how to sneak food in class""|""how to sneak food in school""|""best school pranks""|""back to school pranks""|""prank""|""school""",3153224,28451,2285,3312,https://i.ytimg.com/vi/U3xLOo-CNwo/default.jpg,FALSE,FALSE,FALSE,"Subscribe Here: http://bit.ly/2uaz0on\n12 Hot Glue Gun Life Hacks For Crafting: https://youtu.be/RVrUIQAFldU?list=PLy0LaulZe0vSljAapkasaxsIKJp7I-7j0\nIn this video we will continue the theme of weird ways to sneak food into class! We've invented new ways of how to cheat the teacher. There should be no more boredom and hunger in the class!\n\nSupplies and Tools:\n‚Ä¢ Candies and cookies\n‚Ä¢ Pencil sharpener\n‚Ä¢ Notepaper holder\n‚Ä¢ Color and scrapbook paper\n‚Ä¢ Ruler\n‚Ä¢ Craft knife\n‚Ä¢ Ziploc bags\n‚Ä¢ Felt\n‚Ä¢ Marker\n‚Ä¢ Hole puncher\n‚Ä¢ Ribbon\n‚Ä¢ Donut images\n‚Ä¢ Hot glue gun\n‚Ä¢ Empty school supply containers\n‚Ä¢ Wipes \n‚Ä¢ Scissors\n‚Ä¢ Fanta\n‚Ä¢ Funnel\n‚Ä¢ Air dry clay\n‚Ä¢ Acrylic paint\n‚Ä¢ Sponge\n‚Ä¢ Stationery holders\n‚Ä¢ Jam\n‚Ä¢ Pen\n‚Ä¢ Tic-Tac \n\nMusic:\nBest Future House Mix 2017 Vol. 1 by Uro≈° is licensed under a Creative Commons 3.0 Unported License.\nSource: https://soundcloud.com/urosfuturehouse/best-future-house-mix-2017-vol-1  \n\nWatch More Troom Troom: \nPopular Videos:\n18 Funny Pranks! Prank Wars! https://youtu.be/yWazGzCNtJ4\n11 DIY Edible Makeup Ideas/11 Funny Pranks https://youtu.be/kewz3hF63Xo\n14 Weird Ways To Sneak Food Into Class / Back To School Pranks https://youtu.be/W5p2ndS34vA\nDIY Slime Stress Ball‚Äî 5 Ideas https://youtu.be/3VH6KeJn-XA\n11 DIY Edible School Supplies / Pranks For Back To School! https://youtu.be/ZMnz2hfmubs\n\nPopular Playlists:\nFunny Pranks: https://www.youtube.com/playlist?list...\nBack to School: https://www.youtube.com/playlist?list...\nLife Hacks: https://www.youtube.com/playlist?list...\nDIY Cosmetics: https://www.youtube.com/playlist?list...\nAwesome Slimes: https://www.youtube.com/playlist?list...\n\nFollow Troom Troom:\nSubscribe: http://bit.ly/2uaz0on\nInstagram: http://bit.ly/2t0BsOK\nFacebook: http://bit.ly/2uf2qTb\nPinterest: http://bit.ly/2tFz9iT\n\nTroom Troom Espa√±ol: \nSubscribe: http://bit.ly/2uaqyFo\n\nTroom Troom Fran√ßaise:\nSubscribe: http://bit.ly/2vnYmfc\n\nTroom Troom Russian: \nSubscribe: http://bit.ly/2tEWWiQ\n\nTroom Troom Deutsch:\nSubscribe: http://bit.ly/2wo0oOR\n\nTroom Troom Japanese:\nSubscribe: http://bit.ly/2xK2mZv\n\nAbout Troom Troom: \nEasy DIY how to video tutorials. DIY Accessories, Scrapbooking Cards, Home D√©cor, Make Up Tutorials, Life Hacks, and MUCH more! Make it easy! \n\nFor any business enquires please contact me at: troomtroomdiy@gmail.com\n\nQuestion of the Day: what idea you liked the most? Comment Below!\n\nDon‚Äôt forget to turn on notifications, like, & subscribe!"
AS9-ITLhQxo,17.14.11,I Hired An MI6 Spy To Help Me Disappear,BuzzFeedBlue,22,2017-11-11T16:00:44.000Z,"buzzfeed|""buzzfeedblue""|""outsmarted""|""outsmart""|""mi6""|""spy""|""agent""|""operative""|""disappear""|""escape""|""run""|""outrun""|""mike""|""chase""|""hide""|""disguise""|""pregnant""|""danger""|""comedy""|""unscripted""|""private""|""investigator""|""pi""|""detective""|""escaping""|""espionage""|""investigation""|""funny""|""challenge""",1531218,53961,1697,4277,https://i.ytimg.com/vi/AS9-ITLhQxo/default.jpg,FALSE,FALSE,FALSE,"In the Outsmarted finale, Mike trains with an MI6 agent and tries losing a private investigator following him. \n\nCredits: https://www.buzzfeed.com/bfmp/videos/30768\n\nCheck out more awesome videos at BuzzFeedBlue!\nhttps://bit.ly/YTbuzzfeedvideo\nhttps://bit.ly/YTbuzzfeedblue1\nhttps://bit.ly/YTbuzzfeedviolet\n\nGET MORE BUZZFEED:\nhttps://www.buzzfeed.com\nhttps://www.buzzfeed.com/videos\nhttps://www.youtube.com/buzzfeedvideo\nhttps://www.youtube.com/boldly\nhttps://www.youtube.com/buzzfeedblue\nhttps://www.youtube.com/buzzfeedviolet\nhttps://www.youtube.com/perolike\nhttps://www.youtube.com/ladylike\n\nBuzzFeedBlue\nSports, video games, Unsolved & more epic daily videos!\n\nEXTERNAL CREDITS\nP.J. Red Riley\nhttps://www.kissesfromnimbus.com/\n+\nKen Childs\nhttp://www.licensed-investigator.com/\n+\nEmerson College\nhttp://www.emerson.edu/\n+\nVeronica Warner\nhttps://www.instagram.com/raynebeauxxx/\n+\nSarah Elizabeth Bakman\nhttp://www.imdb.com/name/nm9275422/\n+\nAnthony Marks\nhttp://ohanthony.com/\n\n\nMUSIC\nBACK IN THE SADDLE SOON\nLicensed via Warner Chappell Production Music Inc.\nFINGERPRINTS\nLicensed via Warner Chappell Production Music Inc.\nMACON BY MIDNIGHT\nLicensed via Warner Chappell Production Music Inc.\nSTRESS FRACTURE\nLicensed via Warner Chappell Production Music Inc.\nHYBRID FORCES\nLicensed via Warner Chappell Production Music Inc.\nSEARCH AND DESTROY\nLicensed via Warner Chappell Production Music Inc.\nBOTH SIDES AGAINST THE OTHER\nLicensed via Warner Chappell Production Music Inc.\nRECKLESS DEPARTURE\nLicensed via Warner Chappell Production Music Inc.\nSTORM SHADOW PULSAR\nLicensed via Warner Chappell Production Music Inc.\nATTACK DOG HIT A\nLicensed via Warner Chappell Production Music Inc.\nEXHAUST FUMES\nLicensed via Warner Chappell Production Music Inc.\nEPIC COUNTDOWN\nLicensed via Warner Chappell Production Music Inc.\n2 SECOND DELAY\nLicensed via Warner Chappell Production Music Inc.\nPRESSURE IS ON\nLicensed via Warner Chappell Production Music Inc.\nOVERTAKE\nLicensed via Warner Chappell Production Music Inc.\nRISE 6\nLicensed via Warner Chappell Production Music Inc.\nEVASION\nLicensed via Warner Chappell Production Music Inc.\nSHOCK CORRIDOR\nLicensed via Warner Chappell Production Music Inc.\nHARD HIT COVERT TIES\nLicensed via Warner Chappell Production Music Inc.\nVEXATION\nLicensed via Warner Chappell Production Music Inc.\nIT CAME FROM THE TAR PITS\nLicensed via Warner Chappell Production Music Inc.\nPULL\nLicensed via Warner Chappell Production Music Inc.\nIMPCT PRIME NUMBER\nLicensed via Warner Chappell Production Music Inc.\nTIGHT BUTTOCKS\nLicensed via Warner Chappell Production Music Inc.\nGNEISS\nLicensed via Warner Chappell Production Music Inc.\nIMPACT FULL MIX ALT KEY G\nLicensed via Warner Chappell Production Music Inc.\nSHORT RISE IN SPACE 14\nLicensed via Warner Chappell Production Music Inc.\nBLACK OPS MISSION\nLicensed via Warner Chappell Production Music Inc.\nHEARTHFIRE\nLicensed via Warner Chappell Production Music Inc.\nANIMUS\nLicensed via Warner Chappell Production Music Inc.\nSUSPICION\nLicensed via Warner Chappell Production Music Inc.\nORCHESTRAL BLAST\nLicensed via Warner Chappell Production Music Inc.\nFINAL VERDICT\nLicensed via Warner Chappell Production Music Inc.\n\nSTILLS\nCowboy Worker Handlebar Moustache\nBlake Little/Getty Images\nSilos And Wooden Barn Needing Paint in Ridgley, Maryland, USA\nVW Pics/Getty Images"
nc99ccSXST0,17.14.11,5 Ice Cream Gadgets put to the Test,CrazyRussianHacker,28,2017-11-12T21:50:37.000Z,"5 Ice Cream Gadgets|""Ice Cream""|""Cream Sandwich Maker""|""gadgets""|""gadget review""|""review""|""unboxing""|""kitchen gadgets""|""Gadgets put to the Test""|""testing""|""10 Kitchen Gadgets""|""7 Camping Coffee Gadgets""|""10 Kitchen Gadgets put to the Test""",817732,23663,778,3432,https://i.ytimg.com/vi/nc99ccSXST0/default.jpg,FALSE,FALSE,FALSE,"Ice Cream Pint Combination Lock - http://amzn.to/2ACipdI\nMini Ice Cream Sandwich Maker - http://amzn.to/2ACiX3g\nMotorized Ice Cream Cone - http://amzn.to/2jkrYdg\nBall Ice Cream Maker - http://amzn.to/2AEbtwE\nScoop and Stack - http://amzn.to/2zEMhGo\n\nSubscribe to: \n2nd channel - https://www.youtube.com/user/origami768\ninstagram https://instagram.com/crazyrussianhacker/\nfacebook - https://www.facebook.com/CrazyRussianHacker\n\nDON'T TRY THIS AT HOME!\n\nBusiness email: crh.inquire@gmail.com\n\nFAN MAIL:  \nCRAZY RUSSIAN HACKER\nP.O. Box 49\nWaynesville, NC 28786\n\nDISCLAIMER: In this video description contains affiliate links, which means that if you click on one of the product links, I‚Äôll receive a small commission."
6H3wVsceoS0,17.14.11,Smart Girl Shows How to Build Candy Dispenser,The Q,22,2017-11-11T02:00:00.000Z,"smart girl|""girl""|""how to""|""smart girl shows""|""how to make""|""how to build""|""candy""|""dispenser""|""family friendly""|""for family""|""for kids""|""kids""|""candy dispenser""|""spring""|""popsicle stick""|""m&m's""|""skittles""|""tic tac""|""tic-tac""|""nerds""|""craft""|""crafting""|""girl shows""|""smart""|""idea""|""great idea""|""bright idea""|""the q""",3905245,53072,2437,1979,https://i.ytimg.com/vi/6H3wVsceoS0/default.jpg,FALSE,FALSE,FALSE,"Smart Girl Shows How to Build Candy Dispenser\n\nThis is second episode of The Q Girls!\n\nIn this video you could learn how to make amazing candy dispenser. You need some cardboard, popsicle sticks, spring, acrylic glass and of course a lot of candys! You can used M&M's, Skittles, Nerds, Tic Tac and any other small candys. This is family friendly machine that will impress everyone :)\n\nIf you like this video don't forget to subscribe :)\n\nMusic:\nBright Wish Kevin MacLeod. Creative Commons Attribution (https://creativecommons.org/licenses/by/4.0/).\nhttp://incompetech.com/music/royalty-free/index.html?isrc=USUAN1100377.\nhttp://incompetech.com/\nBeach Bum - Happy Rock Kevin MacLeod. Creative Commons Attribution (https://creativecommons.org/licenses/by/4.0/).\nhttp://incompetech.com/music/royalty-free/index.html?isrc=USUAN1100347.\nhttp://incompetech.com/\nDirt Road Traveler Audionautix. Creative Commons Attribution (https://creativecommons.org/licenses/by/4.0/).\nhttp://audionautix.com/"
ZhhXLMbZ1rQ,17.14.11,DO COLLEGE KIDS KNOW 80s MUSIC? #8 (REACT: Do They Know It?),REACT,24,2017-11-12T20:00:01.000Z,"80s music|""80s songs""|""madonna""|""DO COLLEGE KIDS KNOW 80s MUSIC? #8 REACT: Do They Know It""|""do they know it""|""react""|""reaction""|""thefinebros""|""fine brothers""|""fine brothers entertainment""|""finebros""|""fine bros""|""FBE""|""laugh challenge""|""try not to laugh""|""try to watch without laughing or grinning""|""react gaming""|""kids versus food""|""staff reacts""|""lyric breakdown""|""Do Teens Know""|""Do Parents Know""|""Do Kids Know""|""Do Elders Know""|""stevie wonder""|""80s music hits""|""80's""",549374,16832,248,3579,https://i.ytimg.com/vi/ZhhXLMbZ1rQ/default.jpg,FALSE,FALSE,FALSE,"SUBSCRIBE THEN HIT THE üîî! New Videos 12pm PT on REACT! https://goo.gl/7SnCnC\nWatch all Do They Know It Eps! https://goo.gl/uAVnoI\nWatch all REACT channel videos from this week! https://goo.gl/th0yyt\nWatch latest FBE videos: https://goo.gl/aU5PSm \n\nNot seeing your favorite 80s song? We likely featured it in another episode of the show! https://goo.gl/uAVnoI\n\nThis episode features the following College Kids:\nBrandon\nhttps://www.youtube.com/c/brandocommandoyaboi\nBrittany\nhttps://www.instagram.com/brittcuadra/\nBrooklin\nhttps://www.instagram.com/brooklinf/\nChristopher\nhttps://www.instagram.com/chrisorzame/\nEric\nhttps://www.youtube.com/4N1\nKaelyn\nhttps://www.youtube.com/channel/UCzDbXLBfnlydSmL3L2BUWqQ\nLeah\nhttps://www.instagram.com/lleeeaaaahhhhh/\nTom\nhttps://www.youtube.com/user/ImBostonTom\n\nMERCH üëï https://www.shopfbe.com\n\nFollow Fine Brothers Entertainment:\nFBE WEBSITE: http://www.finebrosent.com\nFBE CHANNEL: http://www.youtube.com/FBE\nREACT CHANNEL: http://www.youtube.com/REACT\nBONUS CHANNEL: https://www.youtube.com/FBE2\nFACEBOOK: http://www.facebook.com/FBE\nFACEBOOK: http://www.facebook.com/FBEShows\nTWITTER: http://www.twitter.com/fbe\nINSTAGRAM: http://www.instagram.com/fbe\nSNAPCHAT: https://www.snapchat.com/add/finebros\nSOUNDCLOUD: https://soundcloud.com/fbepodcast\niTUNES (Podcast): https://goo.gl/DSdGFT\nGOOGLE PLAY (Podcast): https://goo.gl/UhL6bk\nMUSICAL.LY: @fbe\n\nSEND US STUFF:\nFBE\nP.O. BOX 4324\nValley Village, CA 91617-4324\n\nExecutive Produced by Benny Fine & Rafi Fine\nHead of Post Production - Nick Bergthold\nDirector of Production - Drew Roder\nDigital Production Manager - Andrew Chang\nProduced by Vincent Ieraci\nAssociate Producer -  Katie Harper\nProduction Coordinator - Cynthia Garcia\nAssistant Production Coordinator - Kristy Kiefer\nStudio Technician - Josh Hilton\nProduction Assistant - Locke Alexander\nEditor - Paul Smith\nAssistant Editor - Nicole Worthington\nPost Supervisor - Adam Speas\nPost Coordinator - David Valbuena\nSet Design - Melissa Judson\nGraphics & Animation - Will Hyler\nTheme Music - Cyrus Ghahremani\nOmni-rific by Josh Molen (http://TheTunePeddler.com)\nMusic by: Cormac Bluestone\nhttp://www.youtube.com/cormacbluestone\n\n¬© Fine Brothers Entertainment.\n\nDo They Know It #91 - DO COLLEGE KIDS KNOW 80s MUSIC? #8 (REACT: Do They Know It?)"
aVTAU_4i9AY,17.14.11,Throwing Things Into A Fan!,REKT,24,2017-11-12T23:00:00.000Z,"Industrial Fan|""Industrial Fan Destruction""|""Throwing Things into fan""|""breaking with fan""|""fan blade destruction""|""960 fps""|""480 fps""|""Rekt""|""Gunner""|""Gomez""|""Matthias""|""Hi5""|""Studios""|""Tanner""|""Malmedal""|""Hi5Studios""|""slow""|""motion""|""slomo""|""slowmo""|""family""|""friendly""",370827,12150,325,2352,https://i.ytimg.com/vi/aVTAU_4i9AY/default.jpg,FALSE,FALSE,FALSE,"Destroying Unbreakable Glasses! ‚û° https://www.youtube.com/watch?v=dFm7n5tQzrU\nSubscribe ‚û° http://bit.ly/2lgjnsJ\n‚¨áÔ∏è MORE LINKS BELOW ‚¨áÔ∏è\n\nüîî Click That Bell Icon To Be Notified When We Upload! üîî\n\n‚¨áÔ∏è FOLLOW US ‚¨áÔ∏è\n\nINSTA ‚û° @Hi5REKT http://bit.ly/2g91lq6\n\nTWITTER ‚û° @Hi5REKT http://bit.ly/2vtMFny\n\nüåé Send Us Items To DESTROY! \n\n(REKT)\n24307 Magic Mountain Pkwy Valencia, CA 91355 P.O. Box #617"
V4Uuxg6jmbo,17.14.11,The Try Guys Bake Bread Without A Recipe,BuzzFeedVideo,22,2017-11-11T16:00:37.000Z,"try|""guys""|""keith""|""ned""|""zach""|""eugene""|""baking""|""great""|""british""|""competition""|""parody""|""cooking""|""bread""|""food""|""show""|""recipe""|""loaf""|""funny""|""buzzfeed""|""video""|""clark""|""street""|""english""|""mary""|""paul hollywood""|""flour""|""yeast""|""dough""|""bake""",3597410,128127,1756,10370,https://i.ytimg.com/vi/V4Uuxg6jmbo/default.jpg,FALSE,FALSE,FALSE,"It's The Great Try Guys Bake-Off!\n\nCredits: https://www.buzzfeed.com/bfmp/videos/25896\n\nCheck out more awesome videos at BuzzFeedVideo!\nhttps://bit.ly/YTbuzzfeedvideo\nhttps://bit.ly/YTbuzzfeedblue1\nhttps://bit.ly/YTbuzzfeedviolet\n\nGET MORE BUZZFEED:\nhttps://www.buzzfeed.com\nhttps://www.buzzfeed.com/videos\nhttps://www.youtube.com/buzzfeedvideo\nhttps://www.youtube.com/boldly\nhttps://www.youtube.com/buzzfeedblue\nhttps://www.youtube.com/buzzfeedviolet\nhttps://www.youtube.com/perolike\nhttps://www.youtube.com/ladylike\n\nBuzzFeedVideo\nBuzzFeed Motion Picture‚Äôs flagship channel. Sometimes funny, sometimes serious, always shareable. New videos posted daily!\n\nMUSIC\nLicensed via Audio Network\nThe Throb_main\nLicensed via Warner Chappell Production Music Inc.\nTuba Time\nLicensed via Warner Chappell Production Music Inc.\nGet The Funny Thief_fullmix\nLicensed via Warner Chappell Production Music Inc.\nCE Der Kommisar_fullmix\nLicensed via Warner Chappell Production Music Inc.\nSecrets In The Closet_fullmix\nLicensed via Warner Chappell Production Music Inc.\nFamily Gossip_fullmix\nLicensed via Warner Chappell Production Music Inc.\nSell Your Granny_fullmix\nLicensed via Warner Chappell Production Music Inc.\nLittle Tinker\nLicensed via Warner Chappell Production Music Inc.\nPizzi Risky_fullmix\nLicensed via Warner Chappell Production Music Inc.\nStar Waltz Fairytale_fullmix\nLicensed via Warner Chappell Production Music Inc.\nCooking Attempts_fullmix\nLicensed via Warner Chappell Production Music Inc.\nMountain Climber_fullmix\nLicensed via Warner Chappell Production Music Inc.\nMove The House_fullmix\nLicensed via Warner Chappell Production Music Inc.\nOur Neighbours_fullmix\nLicensed via Warner Chappell Production Music Inc.\nGirls Time_fullmix\nLicensed via Warner Chappell Production Music Inc.\nKitchen Talk_fullmix\nLicensed via Warner Chappell Production Music Inc.\nStrawberry Ice_fullmix\nLicensed via Warner Chappell Production Music Inc.\nCE Frozen Time_fullmix\nLicensed via Warner Chappell Production Music Inc.\nA Classical Drama_Full\nLicensed via Warner Chappell Production Music Inc.\nHotels And Motels_Full\nLicensed via Warner Chappell Production Music Inc.\nPrima Donna_FullMix\nLicensed via Warner Chappell Production Music Inc.\nCarriages and Castles_FullMix\nLicensed via Warner Chappell Production Music Inc.\nScattered Light_FullMix\nLicensed via Warner Chappell Production Music Inc.\nWinter Palace_FullMix\nLicensed via Warner Chappell Production Music Inc.\nStar Waltz Fairytale_fullmix (1)\nLicensed via Warner Chappell Production Music Inc.\nA Cheerful Motion_Full\nLicensed via Warner Chappell Production Music Inc.\nFizzicato_FullMix\nLicensed via Warner Chappell Production Music Inc.\nA Quirky Episode_Full\nLicensed via Warner Chappell Production Music Inc.\nComedy Of Errors_Full\nLicensed via Warner Chappell Production Music Inc.\nClap With Me_Main\nLicensed via Warner Chappell Production Music Inc.\n\nSTILLS\nTypes of healthy bakery foods. Croissant and fresh bread. Hand drawn vector pictures\nONYXprj/Getty Images\n\nVIDEO\nLong eared Anglo Nubian baby goats\nphotosoup/Getty Images\nLamb prancing alongside her mother\nsiur/Getty Images\nCLOSE UP: Cute fluffy light brown baby bunny eating big fresh carrot \nhelivideo/Getty Images\nClose up time lapse loaf of bread baking and turning brown in oven\nThe Time Lapse Company/Getty Images\nHD Motion Time-Lapse: Sunrise Cloudscape Over Wheat Field\nSimonSkafar/Getty Images\nPreparation of the puff dough in bakery\npro100pasha/Getty Images\nAgriculture - Man's hand touching wheat.\nsircco/Getty Images\nExtreme close up knife slicing loaf of crusty bread\nMr. Big Film/Getty Images\nDeer grazing and walking\nBlimp Tele Inc/Getty Images\nBaby Goat Playing and Bleating\nBluntr /Getty Images\n\n\nEXTERNAL CREDITS\nZack Hall\nhttp://clarkstreetbakery.com/\n\n\nCredits: https://www.buzzfeed.com/bfmp/videos/25896\n\nCheck out more awesome videos at BuzzFeedVideo!\nhttps://bit.ly/YTbuzzfeedvideo\nhttps://bit.ly/YTbuzzfeedblue1\nhttps://bit.ly/YTbuzzfeedviolet\n\nGET MORE BUZZFEED:\nhttps://www.buzzfeed.com\nhttps://www.buzzfeed.com/videos\nhttps://www.youtube.com/buzzfeedvideo\nhttps://"
6xT1Xc7_X3k,17.14.11,He Almost Died Pier Jumping ...,Danny Duncan,23,2017-11-12T22:55:07.000Z,"danny duncan|""danny duncan 69""|""kevin""|""danny duncan vlogs""|""danny duncan pranks""|""santa monica pier""|""jumping off santa monica pier""|""guy jumps off santa monica pier""|""pier jump fails""|""california""|""stunts""",524623,34460,237,2490,https://i.ytimg.com/vi/6xT1Xc7_X3k/default.jpg,FALSE,FALSE,FALSE,"Glad we're alive. Thanks for watching guys I love you!\n\nMerchandise ‚ñ∂ http://DannyDuncan69.com\nTwitter ‚ñ∂ http://www.twitter.com/DannyDuncan69\nInstagram ‚ñ∂ http://www.instagram.com/DannyDuncan69\nFacebook‚ñ∂ http://www.facebook.com/DannyDuncan69\nSnapchat ‚ñ∂ http://snpcht.me/DannyDuncan69\n\nFan mail send to:\nDanny Duncan\nPO BOX 75252\nLos Angeles, CA 90020"
nAvudA4X6vI,17.14.11,Online Gaming Insults Gone Wild,Graham The Christian,23,2017-11-13T05:29:52.000Z,"funny|""insults""|""roasts""|""gaming""|""online""|""funniest""",378352,16566,188,2803,https://i.ytimg.com/vi/nAvudA4X6vI/default.jpg,FALSE,FALSE,FALSE,Have you ever had a fit of rage playing a game? Ever called the people you're playing with obscene names? Here are some of the funniest iterations of the best insults out there. \n\nCheck some more out for yourself on this hilarious askreddit: https://www.reddit.com/r/AskReddit/comments/727i3p/online_gamers_of_reddit_what_was_the_funniest/\n\nSubscribe Today ‚ñ∫ http://bit.ly/2dQBHW9\nDiscord ‚ñ∫ https://discordapp.com/invite/Cowbelly\n\nOutro music: [Coming Soon]\n\nTwitter - http://www.twitter.com/CowbellyTV\nInstagram - http://www.Instagram.com/grahamthechristian
wiXhcwpMU1I,17.14.11,Coco - Movie Review,Chris Stuckmann,24,2017-11-12T18:22:55.000Z,"Coco|""Movie Review""|""Chris Stuckmann""|""2017""|""The Book of Life""|""Day of the Dead""|""Mexico""|""Celebration""|""Animation""|""Animated""|""Pixar""|""Reviews""|""Film""|""Scene""|""Clip""|""Song""|""Soundtrack""|""OST""|""Score""|""Music""|""Trailer""|""Teaser""|""Dog""|""Gael Garc√≠a Bernal""|""Anthony Gonzalez""|""Benjamin Bratt""|""Ren√©e Victor""|""Lee Unkrich""|""Adrian Molina""",231745,10958,215,1433,https://i.ytimg.com/vi/wiXhcwpMU1I/default.jpg,FALSE,FALSE,FALSE,"FACEBOOK: https://www.facebook.com/ChrisStuckmann\nTWITTER: https://twitter.com/Chris_Stuckmann\nOFFICIAL SITE: http://www.chrisstuckmann.com\n\nChris Stuckmann reviews Coco, starring Gael Garc√≠a Bernal, Anthony Gonzalez, Benjamin Bratt, Ren√©e Victor. Directed by Lee Unkrich, Adrian Molina."
2AkE49hZfr4,17.14.11,15 Clear Signs Your Phone Was Hacked,BRIGHT SIDE,26,2017-11-11T11:00:01.000Z,"phone scammer|""phone scams""|""phone scammer prank""|""fraudsters""|""save money""|""scamming""|""scammer caught""|""scammer prank call""|""scam fail""|""protect your phone""|""safety online""|""apps stop working""|""smartphone works slower""|""phone gets warm""|""unknown phone numbers""|""echo during calls""|""noise during calls""|""mobile data""|""spam filters""",721270,25232,1401,1750,https://i.ytimg.com/vi/2AkE49hZfr4/default.jpg,FALSE,FALSE,FALSE,"If¬†you think your smartphone is¬†your private zone, you may be¬†very wrong. So¬†far, there is¬†no¬†such device that can‚Äôt be¬†hacked. We figured out the ways your phone can be¬†hacked, how to¬†recognize hackers, and how to¬†protect your phone from stealing your own data.\n\n\nSubscribe to Bright Side : https://goo.gl/rQTJZz\n\n----------------------------------------------------------------------------------------\nOur Social Media:\n\nFacebook: https://www.facebook.com/brightside/\n\nInstagram: https://www.instagram.com/brightgram/\n\nSMART Youtube: https://goo.gl/JTfP6L\n\n5-Minute Crafts Youtube: https://www.goo.gl/8JVmuC\n\n----------------------------------------------------------------------------------------\nFor more videos and articles visit:\nhttp://www.brightside.me/"
bAkEd8r7Nnw,17.15.11,Slow Mo Katana Sword - 4K - The Slow Mo Guys,The Slow Mo Guys,24,2017-11-14T18:31:20.000Z,"slomo|""slow""|""mo""|""super""|""motion""|""Slow Motion""|""1000""|""1000fps""|""gav""|""dan""|""slowmoguys""|""phantom""|""guys""|""HD""|""flex""|""gavin""|""free""|""gavin free""|""high speed camera""|""the slow mo guys""|""2000""|""2000fps""|""5000""|""5000fps""|""slicing""|""samurai""",1529652,63996,896,4697,https://i.ytimg.com/vi/bAkEd8r7Nnw/default.jpg,FALSE,FALSE,FALSE,"Has Dan ever used a Katana in his life? No. Has he ever been trained the way of the Samurai? No. Will it stop him from making a slow mo Katana video? Hell no. \nMany plastic bottles were harmed in the making of this video. But hey, they are terrible for the environment!\n\nFollow Gav on Instagram - https://www.instagram.com/gavinfree/?hl=en\nFollow Dan on Twitter - https://twitter.com/DanielGruchy\n\n2nd Channel! https://www.youtube.com/channel/UCgC4Nn0rqqdeqACnzaIMo_Q?app=desktop\n\nFilmed at 1000fps and 2000fps with a Phantom Flex 4K. \nSlow Mo Katana Sword - The Slow Mo Guys"
qJ2xXGIJT10,17.15.11,Mario Kart Balloon Battle!!,Team Edge,23,2017-11-14T00:00:01.000Z,"fall games|""kids games""|""kid friendly""|""family games""|""family friendly""|""mario kart balloon battle""|""atv""|""atv race""|""mario kart""|""mario cart""|""super mario""|""mario in real life""|""team edge challenges""|""teamedge""|""team edge challenge""|""Team edge""|""team edge videos""",560691,18085,180,5465,https://i.ytimg.com/vi/qJ2xXGIJT10/default.jpg,FALSE,FALSE,FALSE,"Drone MINEFIELD Challenge!! ‚û° https://www.youtube.com/watch?v=2cgfBfHcgs0 \nSubscribe To Team Edge! ‚û° https://www.youtube.com/channel/UCaRH3rDr3K3CEfhVqu5mgUQ\nüîΩMORE LINKS BELOW üîΩ\n\nHey guys! What was your favorite part of the obstacle course? What obstacles should we run over next time? Let us know down below! Have you seen our GIANT Foosball Challenge? Check it out! https://www.youtube.com/watch?v=xD2DlA7-bsk&t=37s\n\nTEAM EDGE GEAR ‚û° https://crowdmade.com/collections/teamedge\n\nMore Team Edge Challenge Videos! \nSeason 1 Challenges! ‚û° https://www.youtube.com/playlist?list=PLdU_QLI5aP--e4DyT2Cler5W1PpKLWwQ_\nSeason 2 Challenges! ‚û° https://www.youtube.com/playlist?list=PLdU_QLI5aP--2XBT-sdKQtkQjyHT3Txgt\nThe Edge Games San Diego 2016 ‚û° https://www.youtube.com/playlist?list=PLdU_QLI5aP--58zK687Fn4_3-MObiefJN\n\n\nMatthias ‚û° https://www.youtube.com/user/matthiasiam?sub_confirmation=1\nJ-Fred ‚û° https://www.youtube.com/user/mrjollywhitegiant\nBryan ‚û° https://www.youtube.com/channel/UCFN1GcJz2gqBW9dn9IEDQcw\nTeam Edge Gaming ‚û° https://www.youtube.com/channel/UC-6Ygz2yrPcPPhl4pAobqNQ\n\n\nOn this channel, you'll see a bunch of family friendly, kid friendly fun challenges, board games, toys, bottle flipping, giant sports, gross food tasting, messy challenges, nerf challenges, and more!\n\nMail Box:\n24307 Magic Mtn Pkwy #211\nValencia, CA 91355\n\nTwitter ‚û° https://goo.gl/rbKKmG\nInstagram  ‚û° https://instagram.com/itsteamedge/\n\nChallenges ‚û° Monday - Wednesday - Friday"
sottGW1p5os,17.16.11,Taylor Swift Carpool Karaoke,The Late Late Show with James Corden,24,2017-11-15T06:42:14.000Z,"James Corden|""The Late Late Show""|""Colbert""|""late night""|""late night show""|""Stephen Colbert""|""Comedy""|""monologue""|""comedian""|""impressions""|""celebrities""|""carpool""|""karaoke""|""CBS""|""Late Late Show""|""Corden""|""joke""|""jokes""|""funny""|""funny video""|""funny videos""|""humor""|""celebrity""|""celeb""|""hollywood""|""famous""",3621389,141682,1289,8127,https://i.ytimg.com/vi/sottGW1p5os/default.jpg,FALSE,FALSE,FALSE,"James enlists some commuting help from Taylor Swift, driving around Los Angeles singing her classics, and the two end upside down to prove once and for all you can sing better inverted.\n\nMore Late Late Show:\nSubscribe: http://bit.ly/CordenYouTube\nWatch Full Episodes: http://bit.ly/1ENyPw4\nFacebook: http://on.fb.me/19PIHLC\nTwitter: http://bit.ly/1Iv0q6k\nInstagram: http://bit.ly/latelategram\n\nWatch The Late Late Show with James Corden weeknights at 12:35 AM ET/11:35 PM CT. Only on CBS.\n\nGet new episodes of shows you love across devices the next day, stream live TV, and watch full seasons of CBS fan favorites anytime, anywhere with CBS All Access. Try it free! http://bit.ly/1OQA29B\n\n---\nEach week night, THE LATE LATE SHOW with JAMES CORDEN throws the ultimate late night after party with a mix of celebrity guests, edgy musical acts, games and sketches. Corden differentiates his show by offering viewers a peek behind-the-scenes into the green room, bringing all of his guests out at once and lending his musical and acting talents to various sketches. Additionally, bandleader Reggie Watts and the house band provide original, improvised music throughout the show. Since Corden took the reigns as host in March 2015, he has quickly become known for generating buzzworthy viral videos, such as Carpool Karaoke."
PRlmRnU9qts,17.14.11,Jake Paul - Saturday Night (Song) feat. Nick Crompton & Chad Tepper (Official Music Video),Jake Paul,22,2017-11-12T00:26:46.000Z,"Jake|""Paul""|""logan""|""paul""|""its""|""every""|""day""|""Team""|""10""|""bro""|""funny""|""wow""|""crazy""|""vlog""|""adventure""|""disney""|""channel""|""girls""|""vine""|""hot""|""cool""|""fun""|""team""|""lucas""|""marcus""|""dobre""|""actor""|""star""|""daily""|""brothers""|""bizaardvark""|""tv""|""hollywood""|""sexy""|""comedy""|""skits""|""instagram""|""facebook""|""logang""|""jakepaulers""|""family""|""friendly""|""pg""|""kids""|""tai""|""lopez""|""erika""|""costell""|""saturday""|""night""|""music""|""video""|""chad""|""tepper""|""nick""|""crompton""|""england""|""city""|""new""|""beat""|""track""|""80s""|""dance""|""spotify""|""album""|""single""|""itunes""",4204818,187890,167908,77348,https://i.ytimg.com/vi/PRlmRnU9qts/default.jpg,FALSE,FALSE,FALSE,üòÉ SUBSCRIBE ‚ñ∫ http://bit.ly/SUB2JAKEPAUL | ‚òÖ PREVIOUS VLOG ‚ñ∫ https://www.youtube.com/watch?v=YbgaItnO518\n\nSTREAM & DOWNLOAD NOW‚ñ∫\n\nSpotify:\nhttps://open.spotify.com/album/4sF5JxeHqTv6g0nNKHC5z3\n\niTunes:\nhttps://itunes.apple.com/us/album/saturday-night-feat-chad-tepper-nick-crompton-single/1310012088\n\nGET THE EXCLUSIVE SATURDAY NIGTH MERCH FOR 48 HOURS ONLY!!!‚ñ∫\nhttps://fanjoy.co/collections/jake-paul/products/team-10-its-saturday-night-hoodie\n\nGET TEXT MESSAGES FROM JAKE HERE‚ñ∫\n(for United States users only)\nhttps://textjakepaul.com/\n\nTURN ON MY POST NOTIFICATIONS FOR SHOUTOUTS IN MY VLOG\n\nExclusive vids on my Second YouTube channel‚ñ∫ http://bit.ly/SUB2JAKE\n\n*FOLLOW ME ON SOCIAL MEDIA! *\nMY INSTAGRAM (@JakePaul) ‚ñ∫ https://www.instagram.com/JakePaul \nMY TWITTER (@JakePaul) ‚ñ∫ http://twitter.com/JakePaul \nMY FACEBOOK ‚ñ∫ https://www.facebook.com/JakePaul \nMY SNAPCHAT ‚ñ∫ JakePaul19 \nMY MUSICAL.LY ‚ñ∫ @JakePaul\n\n*FOLLOW TEAM 10! *\nTwitter ‚ûù http://twitter.com/Team10official \nInstagram ‚ûù http://instagram.com/Team10official \nFacebook ‚ûù http://instagram.com/Team10official \nSnapchat ‚ûù Team10Snaps\nMusical.ly ‚ûù @Team10official\nWant to text us?  ‚ûù 1-323-909-4406\n\nI HAVE A BOOK!! ‚ÄúYOU GOTTA WANT IT ‚ñ∫ http://amzn.to/2hY5Pyx\n\nfamily friendly pg clean\n\nCYA TOMORROW!!\n\n‚ö† WARNING ‚ö†\nSome effects and visuals may not be suitable for those that suffer from epilepsy.
LvaUaOfX4_o,17.17.11,UCLA Basketball Players Admit To Shoplifting In China | The View,The View,25,2017-11-16T16:29:27.000Z,"UCLA basketball|""UCLA""|""Los Angeles""|""the view""|""china""|""shoplifting""|""hot topics""",46254,546,26,397,https://i.ytimg.com/vi/LvaUaOfX4_o/default.jpg,FALSE,FALSE,FALSE,